{"Battery":{"Battery1":6,"Battery2":25},"Gas1":185,"Gas2":85,"Humidity":14,"MessageType":0,"Mode":0,"Position":{"Height":291,"Lat":50.3612823486328,"Long":19.5146312713623},"Pressure":19675,"Radiation":114,"Temperature":18,"Time":{"hour":14,"minute":3,"second":43},"TracePos":{"X":-37.6830863952637,"Y":13.4399995803833,"Z":25.354700088501},"index":0}
{"Battery":{"Battery1":3,"Battery2":6},"Gas1":44,"Gas2":90,"Humidity":87,"MessageType":0,"Mode":1,"Position":{"Height":47682,"Lat":50.360767364502,"Long":19.5131511688232},"Pressure":26319,"Radiation":210,"Temperature":-74,"Time":{"hour":14,"minute":3,"second":44},"TracePos":{"X":-61.2274322509766,"Y":13.4399995803833,"Z":38.1744918823242},"index":1}
{"Battery":{"Battery1":1,"Battery2":5},"Gas1":69,"Gas2":41,"Humidity":129,"MessageType":0,"Mode":1,"Position":{"Height":22186,"Lat":50.3605880737305,"Long":19.5125389099121},"Pressure":23070,"Radiation":12,"Temperature":70,"Time":{"hour":14,"minute":3,"second":45},"TracePos":{"X":-70.9667816162109,"Y":13.4399995803833,"Z":42.6376800537109},"index":2}
{"Battery":{"Battery1":6,"Battery2":3},"Gas1":83,"Gas2":230,"Humidity":43,"MessageType":0,"Mode":0,"Position":{"Height":51872,"Lat":50.3608741760254,"Long":19.515983581543},"Pressure":35736,"Radiation":110,"Temperature":-109,"Time":{"hour":14,"minute":3,"second":46},"TracePos":{"X":-16.1715660095215,"Y":13.4399995803833,"Z":35.5155715942383},"index":3}
{"Battery":{"Battery1":6,"Battery2":25},"Gas1":185,"Gas2":85,"Humidity":14,"MessageType":0,"Mode":0,"Position":{"Height":291,"Lat":50.3612823486328,"Long":19.5146312713623},"Pressure":19675,"Radiation":114,"Temperature":18,"Time":{"hour":14,"minute":3,"second":47},"TracePos":{"X":-37.6830863952637,"Y":13.4399995803833,"Z":25.354700088501},"index":4}
{"Battery":{"Battery1":3,"Battery2":6},"Gas1":44,"Gas2":90,"Humidity":87,"MessageType":0,"Mode":1,"Position":{"Height":47682,"Lat":50.360767364502,"Long":19.5131511688232},"Pressure":26319,"Radiation":210,"Temperature":-74,"Time":{"hour":14,"minute":3,"second":48},"TracePos":{"X":-61.2274322509766,"Y":13.4399995803833,"Z":38.1744918823242},"index":5}
{"Battery":{"Battery1":1,"Battery2":5},"Gas1":69,"Gas2":41,"Humidity":129,"MessageType":0,"Mode":1,"Position":{"Height":22186,"Lat":50.3605880737305,"Long":19.5125389099121},"Pressure":23070,"Radiation":12,"Temperature":70,"Time":{"hour":14,"minute":3,"second":49},"TracePos":{"X":-70.9667816162109,"Y":13.4399995803833,"Z":42.6376800537109},"index":6}
{"Battery":{"Battery1":6,"Battery2":3},"Gas1":83,"Gas2":230,"Humidity":43,"MessageType":0,"Mode":0,"Position":{"Height":51872,"Lat":50.3608741760254,"Long":19.515983581543},"Pressure":35736,"Radiation":110,"Temperature":-109,"Time":{"hour":14,"minute":3,"second":50},"TracePos":{"X":-16.1715660095215,"Y":13.4399995803833,"Z":35.5155715942383},"index":7}
{"Battery":{"Battery1":6,"Battery2":25},"Gas1":185,"Gas2":85,"Humidity":14,"MessageType":0,"Mode":0,"Position":{"Height":291,"Lat":50.3612823486328,"Long":19.5146312713623},"Pressure":19675,"Radiation":114,"Temperature":18,"Time":{"hour":14,"minute":3,"second":51},"TracePos":{"X":-37.6830863952637,"Y":13.4399995803833,"Z":25.354700088501},"index":8}
